{"cameraMode":{"drawMode":0,"name":"Shaded","section":"Shading Mode"},"sceneLighting":true,"audioPlay":false,"sceneViewState":{"m_AlwaysRefresh":false,"showFog":true,"showSkybox":true,"showFlares":true,"showImageEffects":true,"showParticleSystems":true,"showVisualEffectGraphs":true,"m_FxEnabled":true},"in2DMode":false,"pivot":{"x":431.09637451171877,"y":871.4436645507813,"z":-342.0936279296875},"rotation":{"x":0.23276454210281373,"y":0.08402396738529206,"z":-0.020150111988186837,"w":0.9686985611915588},"size":366.08575439453127,"orthographic":false}