{"cameraMode":{"drawMode":0,"name":"Shaded","section":"Shading Mode"},"sceneLighting":true,"audioPlay":false,"sceneViewState":{"m_AlwaysRefresh":false,"showFog":true,"showSkybox":true,"showFlares":true,"showImageEffects":true,"showParticleSystems":true,"showVisualEffectGraphs":true,"m_FxEnabled":true},"in2DMode":false,"pivot":{"x":31.270763397216798,"y":-1.7028613090515137,"z":0.49899792671203616},"rotation":{"x":0.13318969309329987,"y":-0.6707457304000855,"z":0.12446802109479904,"w":0.7190018892288208},"size":12.12435531616211,"orthographic":false}