{"cameraMode":{"drawMode":0,"name":"Shaded","section":"Shading Mode"},"sceneLighting":false,"audioPlay":false,"sceneViewState":{"m_AlwaysRefresh":false,"showFog":true,"showSkybox":false,"showFlares":true,"showImageEffects":true,"showParticleSystems":true,"showVisualEffectGraphs":true,"m_FxEnabled":true},"in2DMode":false,"pivot":{"x":28.130706787109376,"y":1.8687255382537842,"z":1.3506367206573487},"rotation":{"x":-0.0019692161586135628,"y":0.994787871837616,"z":-0.01971142366528511,"w":-0.1000879779458046},"size":1.7417103052139283,"orthographic":false}