{"cameraMode":{"drawMode":0,"name":"Shaded","section":"Shading Mode"},"sceneLighting":false,"audioPlay":false,"sceneViewState":{"m_AlwaysRefresh":false,"showFog":true,"showSkybox":false,"showFlares":true,"showImageEffects":true,"showParticleSystems":true,"showVisualEffectGraphs":true,"m_FxEnabled":true},"in2DMode":false,"pivot":{"x":27.786224365234376,"y":0.9256770014762878,"z":-0.10122740268707276},"rotation":{"x":-0.020104246214032174,"y":0.8155450820922852,"z":-0.028409941121935846,"w":-0.577651858329773},"size":1.7417103052139283,"orthographic":false}